train mean squared error,val mean squared error,train learning rate
6.060076316316554e-07,5.374488409870537e-07,0.0010000000474974513
5.042558086643112e-07,4.656374699152366e-07,0.0010000000474974513
4.345274930983578e-07,3.9336740087492217e-07,0.0010000000474974513
3.9112771332838747e-07,3.86592006407227e-07,0.00010000000474974513
3.83990226282549e-07,3.7891189208494325e-07,0.00010000000474974513
3.795842360432289e-07,3.7800316476932494e-07,1.0000000656873453e-05
