train mean squared error,val mean squared error,train learning rate
0.360196053981781,0.16559430956840515,0.0010000000474974513
0.16829995810985565,0.1656166911125183,0.0010000000474974513
0.16822925209999084,0.16549262404441833,0.0010000000474974513
0.16817706823349,0.16550973057746887,0.0010000000474974513
0.16813352704048157,0.1654246300458908,0.0010000000474974513
0.16808867454528809,0.16544106602668762,0.00010000000474974513
0.16806532442569733,0.16545018553733826,0.00010000000474974513
0.16805538535118103,0.1654471755027771,1.0000000656873453e-05
