train sparse categorical crossentropy,train sparse categorical accuracy,val sparse categorical crossentropy,val sparse categorical accuracy,train learning rate
2.3060338497161865,0.10106249898672104,2.302996873855591,0.09904234111309052,0.0010000000474974513
2.3029041290283203,0.09928125143051147,2.3028101921081543,0.09904234111309052,0.0010000000474974513
2.3028035163879395,0.09962499886751175,2.3027560710906982,0.09904234111309052,0.0010000000474974513
2.302856683731079,0.10109374672174454,2.302990198135376,0.09904234111309052,0.0010000000474974513
2.3025801181793213,0.10228125005960464,2.302842378616333,0.09904234111309052,0.00010000000474974513
2.3025448322296143,0.10228125005960464,2.302722692489624,0.09904234111309052,0.00010000000474974513
2.3025004863739014,0.10228125005960464,2.302716016769409,0.09904234111309052,1.0000000656873453e-05
