train sparse categorical crossentropy,train sparse categorical accuracy,val sparse categorical crossentropy,val sparse categorical accuracy,train learning rate
2.217449188232422,0.19106249511241913,2.0648722648620605,0.29359880089759827,0.0010000000474974513
1.8754804134368896,0.3230000138282776,1.6239489316940308,0.4097782373428345,0.0010000000474974513
1.5228822231292725,0.4361875057220459,1.3942722082138062,0.40498992800712585,0.0010000000474974513
0.9025290608406067,0.7580312490463257,0.5930885672569275,1.0,0.0010000000474974513
1.3696484565734863,0.5536249876022339,0.6656491160392761,1.0,0.0010000000474974513
0.870271623134613,0.7574687600135803,1.3430776596069336,0.500756025314331,0.0010000000474974513
1.0785934925079346,0.6729062795639038,0.9768387675285339,0.7003528475761414,0.00010000000474974513
0.9416284561157227,0.7170312404632568,0.8968047499656677,0.7003528475761414,0.00010000000474974513
0.8998461365699768,0.7136562466621399,0.8901034593582153,0.7003528475761414,1.0000000656873453e-05
