train mean squared error,val mean squared error,train learning rate
6.103553573666431e-07,5.389501893660054e-07,0.0010000000474974513
5.084294230073283e-07,4.7057812935236143e-07,0.0010000000474974513
4.395219548314344e-07,4.0074783669297176e-07,0.0010000000474974513
3.966363522067695e-07,3.911559929292707e-07,0.00010000000474974513
3.8914180322535685e-07,3.8314607309075654e-07,0.00010000000474974513
3.845373157673748e-07,3.821992606845015e-07,1.0000000656873453e-05
