train sparse categorical crossentropy,train sparse categorical accuracy,val sparse categorical crossentropy,val sparse categorical accuracy,train learning rate
2.3000144958496094,0.12721875309944153,2.2803397178649902,0.12323588877916336,0.0010000000474974513
2.2622060775756836,0.16356250643730164,2.2470691204071045,0.16935484111309052,0.0010000000474974513
,0.19741030037403107,,0.10131048411130905,0.0010000000474974513
