train mean squared error,val mean squared error,train learning rate
0.2088852822780609,0.16728629171848297,0.0010000000474974513
0.16813652217388153,0.16736142337322235,0.0010000000474974513
0.16807672381401062,0.16786687076091766,0.0010000000474974513
0.16810342669487,0.16729502379894257,0.00010000000474974513
0.1680537909269333,0.1672823131084442,0.00010000000474974513
0.16804274916648865,0.1672874540090561,1.0000000656873453e-05
