train sparse categorical crossentropy,train sparse categorical accuracy,val sparse categorical crossentropy,val sparse categorical accuracy,train learning rate
1.6666803359985352,0.4114687442779541,0.8856035470962524,0.6953125,0.0010000000474974513
0.46922096610069275,0.8942499756813049,0.24753747880458832,1.0,0.0010000000474974513
0.15218248963356018,0.9942499995231628,0.06920658051967621,1.0,0.0010000000474974513
0.04830864816904068,0.9988437294960022,0.017953285947442055,1.0,0.0010000000474974513
0.11610466986894608,0.9687187671661377,0.01965245045721531,1.0,0.0010000000474974513
0.12341247498989105,0.971875011920929,0.04061531648039818,1.0,0.0010000000474974513
0.033958129584789276,1.0,0.029444828629493713,1.0,0.00010000000474974513
0.02556671015918255,1.0,0.022851934656500816,1.0,0.00010000000474974513
0.022269701585173607,1.0,0.022267382591962814,1.0,1.0000000656873453e-05
